arch,units,mean_dpm_bump,mean_dpm_die,unit_fail_rate,mean_overlay_mag_um,mean_warpage_um,mean_pitch_um,mean_dpm_unit
2.5D,192,72.35942196973365,69444.44444444445,0.13541666666666666,3.111960275744774,39.437431212109324,64.01041666666667,135416.66666666666
FanOut,358,19.463581917653027,23510.242085661077,0.061452513966480445,1.843090811855552,40.964560713233396,63.63128491620112,61452.513966480445
FlipChip,350,30.661859332905255,25000.0,0.054285714285714284,2.5819725876210664,38.629211620674724,66.4,54285.71428571428
