arch,dpm_mean,dpm_p05,dpm_p50,dpm_p95
FanOut,1.948937344977671,0.1016880211511084,0.1016880211511084,10.76598166884317
FlipChip,4.008325592555091,0.0,0.0,19.30607673452624
2.5D,13.556597009435139,0.3454231433506044,2.086711899896145,131.191321074962
