hole_d_mm,pred_mises_pa,pred_manufacturable,pred_label
21.0,251.97390421075647,1,PASS
23.0,290.0399166693956,1,PASS
26.0,358.1634092254012,1,PASS
29.0,439.516270423063,0,FAIL
