V_L,valve_open,line_conductance,pump_type_cryo,pump_type_dry_pump,pump_type_turbo,S_fit_true,S_fit_pred,Q_fit_true,Q_fit_pred
62.40101481531072,0.6552711089409862,0.5097706028431602,False,True,False,0.8340792937495127,1.5111601385019697,0.006800250110024022,0.0053822814653900165
82.36597181444941,0.7592385947547942,0.6163754349726535,False,True,False,0.9675232132518786,1.657991278576796,0.0005919755749017211,0.006788785014128929
104.78524913472643,0.9954141631191558,0.7671550105850489,True,False,False,4.372324472659857,2.847251762679963,0.0059260456558627335,0.0005907991558375009
