{
  "RF_power_W": 719.8901434283639,
  "Bias_V": 275.93199248558966,
  "Pressure_mTorr": 25.10605641624178,
  "GasFlow_sccm": 333.88359319365134,
  "Temp_C": 75.90341944176458,
  "Time_s": 50.50500138487613,
  "RecipeFamily": "B",
  "Predicted_Yield_%": 89.0452384424604
}