N_samples,clearance_mean_mm,clearance_std_mm,clearance_p01_mm,clearance_p05_mm,clearance_p50_mm,clearance_p95_mm,clearance_p99_mm,P_fail,P_pass
120000,0.012722226625014372,0.025476484654983284,-0.046830038418639836,-0.029272130087277148,0.012812558249715507,0.054522807753416815,0.0710817913576583,0.3095,0.6905
